{
  "youtube_submission_url": "https://www.youtube.com/watch?v=DrnURLAF2Aw&feature=youtu.be",
  "github_main_repo_link": "https://github.com/eheckard23/Server_Stack",
  "release_version": "v1.0.0",
  "production_live_link": "104.236.209.24",
  "author_last_name": "Heckard",
  "non_root_ssh_user": "eheckard23",
  "non_root_ssh_pass": "Fullsail_15",
  "root_mysql_user": "root",
  "root_mysql_pass": "Fullsail_15",
  "wordpress_admin_user": "eheckard23",
  "wordpress_admin_pass": "dWc3H9Bh!8IW&IrPe8",
  "comments": "n/a"
}